#,timestamp,tx,ty,tz,qx,qy,qz,qw
1544591459.26184,0.9699101014,0.9210588606,0,0,0,-0.0459402797,0.998944188,
1544591532.87459,3.6730858028,-0.7704465906,0,0,0,-0.1835283558,0.9830144163,
1544591534.70566,0.5432274451,4.1944654852,0,0,0,0.9044842863,0.4265069471,
1544591535.73772,-3.1683546188,8.1110209381,0,0,0,0.9370689026,0.3491444854,
1544591536.76879,-8.0305567427,10.5095223252,0,0,0,0.9805174782,0.1964318585,
1544591537.72079,-4.6974600657,4.0628344501,0,0,0,-0.5166915142,0.8561716412,
1544591538.75256,-7.1471494955,3.3364048825,0,0,0,-0.8734420752,0.4869280657,
1544591539.78579,-2.9902277565,0.3455244526,0,0,0,0.0952346179,0.9954548546,
1544591544.78367,0.6245873345,0.9204915714,0,0,0,-0.0672825151,0.9977339641,
1544591575.66391,0.7516919776,0.886339926,0,0,0,-0.1787256161,0.9838989553,
1544591576.05724,0.8927686477,0.8142163182,0,0,0,-0.2995554671,0.9540788867,
1544591576.37595,0.9992352188,0.7246155287,0,0,0,-0.3940835431,0.9190746221,
1544591576.77561,1.117354453,0.5671035522,0,0,0,-0.500766034,0.8655826819,
1544591577.16866,1.1960923687,0.3899580305,0,0,0,-0.5871762167,0.8094591346,
1544591577.80121,1.2589909267,0.1346262327,0,0,0,-0.6234021644,0.781901363,
1544591578.35391,1.3410200932,-0.132100911,0,0,0,-0.5487132758,0.8360106106,
1544591578.83488,1.4545358757,-0.3364364093,0,0,0,-0.4611561033,0.8873190229,
1544591579.38635,1.6326412544,-0.5428183526,0,0,0,-0.3604552009,0.9327765264,
1544591580.02534,1.8919399644,-0.7257435324,0,0,0,-0.2543559235,0.9671106784,
1544591580.5772,2.1401760854,-0.8424018507,0,0,0,-0.1753379815,0.9845082997,
1544591581.13658,2.4103959054,-0.9153059672,0,0,0,-0.1062899921,0.9943351737,
1544591581.68929,2.6777822519,-0.9492066979,0,0,0,-0.0324242622,0.9994741954,
1544591582.24909,2.9661711641,-0.9242005527,0,0,0,0.0411558229,0.9991527402,
1544591582.80117,3.2248838632,-0.8771209751,0,0,0,0.0759472324,0.9971118382,
1544591583.83208,3.4843014215,-0.8122102586,0,0,0,0.0888983457,0.9960407041,
1544591584.79047,3.5607347217,-0.7770526883,0,0,0,-0.0104378306,0.9999455244,
1544591585.42293,3.5712732127,-0.7529480938,0,0,0,-0.1116319324,0.9937496222,
1544591592.24609,3.5724686328,-0.7317140695,0,0,0,0.019774184,0.9998044717,
1544591592.56592,3.5874094424,-0.714573146,0,0,0,0.12678033,0.9919308181,
1544591592.95899,3.595550617,-0.6888931683,0,0,0,0.2528729254,0.9674995006,
1544591593.27849,3.6050443768,-0.671455221,0,0,0,0.3578048341,0.9337963915,
1544591593.67138,3.6228895257,-0.6462828728,0,0,0,0.4651602325,0.885226501,
1544591594.07059,3.7081138538,-0.4809804368,0,0,0,0.5694061433,0.8220563509,
1544591594.38983,3.7528488491,-0.3151850777,0,0,0,0.6536668432,0.7567824377,
1544591594.70364,3.7599988137,-0.1628149305,0,0,0,0.7269931903,0.6866446688,
1544591595.02239,3.7376760866,0.0123239853,0,0,0,0.7939929413,0.6079269768,
1544591595.50172,3.6528502448,0.2371197521,0,0,0,0.8585852232,0.5126708636,
1544591596.0546,3.4945530788,0.4735245041,0,0,0,0.9065851385,0.4220229694,
1544591596.77297,3.2412573507,0.7370681806,0,0,0,0.937966062,0.346727078,
1544591597.72539,2.9439134037,1.0121031962,0,0,0,0.9427167401,0.3335942864,
1544591598.43774,2.6733767828,1.2426526703,0,0,0,0.9440423276,0.3298243226,
1544591599.15666,2.4088265556,1.4835132364,0,0,0,0.9433773349,0.331721576,
1544591599.86893,2.1401112152,1.7172123952,0,0,0,0.9399643574,0.3412726282,
1544591600.66095,1.8616959356,1.9933963585,0,0,0,0.9354554174,0.3534447086,
1544591601.37325,1.6084096143,2.2380421672,0,0,0,0.9283945484,0.3715959667,
1544591602.09143,1.3667703131,2.5032259535,0,0,0,0.9136035271,0.4066061919,
1544591602.72412,1.1625686892,2.7438372055,0,0,0,0.9033919434,0.4288158073,
1544591603.36312,0.974356052,2.998410272,0,0,0,0.8787454479,0.4772907268,
1544591603.9158,0.8377004628,3.2435892097,0,0,0,0.8527573443,0.5223072963,
1544591604.47475,0.7335846895,3.4825490765,0,0,0,0.8320238585,0.5547398479,
1544591605.42823,0.6439537129,3.7284084479,0,0,0,0.8216711223,0.5699618994,
1544591608.59572,0.5547354881,3.941410472,0,0,0,0.8788831997,0.477037023,
1544591609.39547,0.5539540849,3.9357880714,0,0,0,0.8141930982,0.5805941773,
1544591609.78709,0.5488390515,3.9326623311,0,0,0,0.7462948842,0.6656154639,
1544591610.7394,0.5529934982,3.9171275485,0,0,0,0.8162845857,0.5776499591,
1544591611.69107,0.5485993721,3.9146671179,0,0,0,0.8745238729,0.4849824695,
1544591612.72326,0.55316699,3.9148758671,0,0,0,0.8065990976,0.5910988883,
1544591614.30741,0.54235985,3.9521271408,0,0,0,0.8634745779,0.5043923605,
1544591617.96203,0.3858108974,4.1890936683,0,0,0,0.9045701648,0.4263247787,
1544591618.59425,0.1617266509,4.4161787519,0,0,0,0.9284941021,0.3713471453,
1544591619.47256,-0.0970643074,4.6399422638,0,0,0,0.9316257789,0.363419053,
1544591620.18511,-0.373740334,4.8669477109,0,0,0,0.9383221912,0.3457621516,
1544591620.89747,-0.6506523497,5.0916657835,0,0,0,0.9364932215,0.35068568,
1544591621.5315,-0.8836582277,5.2923627939,0,0,0,0.9255362065,0.3786591216,
1544591622.16893,-1.1036434943,5.5123339286,0,0,0,0.9147019068,0.4041292142,
1544591622.80135,-1.3118145603,5.7268552357,0,0,0,0.9072697657,0.4205491318,
1544591623.43391,-1.5101118908,5.9664699936,0,0,0,0.9037455572,0.4280700502,
1544591624.07326,-1.7120774122,6.1944378874,0,0,0,0.901311678,0.433171166,
1544591624.7053,-1.9026030959,6.4213258106,0,0,0,0.8973993956,0.4412191347,
1544591625.33857,-2.0926415259,6.6514332672,0,0,0,0.8940618528,0.447943527,
1544591625.89684,-2.2715725265,6.8568495283,0,0,0,0.8944229558,0.4472220658,
1544591626.44931,-2.425902563,7.0782012482,0,0,0,0.8920805219,0.4518764682,
1544591627.00868,-2.5995013574,7.2878277942,0,0,0,0.892697961,0.4506554674,
1544591627.56302,-2.7746896388,7.5042610452,0,0,0,0.8923003454,0.4514422372,
1544591628.4333,-2.9371290789,7.7099143054,0,0,0,0.8852585173,0.4650992986,
1544591629.54492,-3.0794899438,7.9343789716,0,0,0,0.861973928,0.5069526087,
1544591630.41098,-3.0794372341,7.933565764,0,0,0,0.9093905896,0.415943212,
1544591633.50656,-3.2176117705,8.0279673114,0,0,0,0.9488600549,0.3156970007,
1544591634.21872,-3.5316820597,8.2126143191,0,0,0,0.9691137538,0.2466141361,
1544591634.93746,-3.8501488862,8.347781215,0,0,0,0.973902899,0.2269650707,
1544591635.64978,-4.1769416008,8.4864872831,0,0,0,0.9738499275,0.2271922504,
1544591636.36413,-4.4819884082,8.6294992621,0,0,0,0.9698168259,0.2438346248,
1544591637.08081,-4.7889414501,8.7938990918,0,0,0,0.9680324752,0.250824893,
1544591638.11243,-5.1182674435,8.9433577389,0,0,0,0.9787440584,0.2050855144,
1544591639.45769,-5.3540165897,9.0100186302,0,0,0,0.9947795427,0.1020473485,
1544591640.40947,-5.640280857,9.0624929548,0,0,0,0.9968298097,0.0795633743,
1544591641.04844,-5.9096711911,9.1118423758,0,0,0,0.9961140602,0.0880725781,
1544591641.60728,-6.1757830738,9.1837449834,0,0,0,0.980766563,0.1951843971,
1544591642.2398,-6.4344123479,9.3400547193,0,0,0,0.9555211921,0.2949224497,
1544591642.95266,-6.7131911931,9.5530521781,0,0,0,0.9426370953,0.3338192722,
1544591643.58487,-6.952958757,9.7394070002,0,0,0,0.9431739298,0.3322994706,
1544591644.22346,-7.2093623843,9.9269734287,0,0,0,0.9490331254,0.3151763425,
1544591644.93619,-7.4861537201,10.1317251091,0,0,0,0.956605836,0.2913850968,
1544591646.12801,-7.7758414496,10.3203258937,0,0,0,0.9564665349,0.2918420251,
1544591653.50545,-7.9079453633,10.3914736217,0,0,0,0.9838925338,0.1787609633,
1544591653.89796,-7.9148492401,10.372293917,0,0,0,0.9988189331,0.0485874348,
1544591654.28956,-7.9022360577,10.3503728982,0,0,0,-0.9972056321,0.0747056037,
1544591654.68888,-7.906610703,10.3433406937,0,0,0,-0.9798563383,0.1997036713,
1544591655.00227,-7.9175879377,10.3348671687,0,0,0,-0.9532282762,0.3022513084,
1544591655.32128,-7.9109842203,10.3201348592,0,0,0,-0.9150634318,0.40330995,
1544591655.71489,-7.9008390342,10.3141806374,0,0,0,-0.8630857592,0.505057395,
1544591656.11387,-7.9120595201,10.2790430074,0,0,0,-0.7968778524,0.6041404542,
1544591656.51315,-7.9350057911,10.0990133964,0,0,0,-0.7220847639,0.6918045921,
1544591656.90608,-7.9140261337,9.9096795728,0,0,0,-0.6309513026,0.775822437,
1544591657.30543,-7.844347535,9.7255353509,0,0,0,-0.5427454383,0.8398972492,
1544591657.8643,-7.7062553446,9.4887079852,0,0,0,-0.466705206,0.8844129413,
1544591658.41734,-7.5412501317,9.2628631648,0,0,0,-0.4568687106,0.8895341372,
1544591658.97589,-7.3713396287,9.0314609007,0,0,0,-0.4641659509,0.8857482543,
1544591659.53468,-7.2192263717,8.799877977,0,0,0,-0.4810784797,0.8766775327,
1544591660.08751,-7.0881679834,8.5496631723,0,0,0,-0.505645515,0.8627413362,
1544591660.64034,-6.9530428196,8.3087026757,0,0,0,-0.515086885,0.8571379708,
1544591661.19936,-6.8141770786,8.0577377844,0,0,0,-0.5210733396,0.8535119066,
1544591661.7526,-6.6844224545,7.8080530745,0,0,0,-0.5238580403,0.8518055844,
1544591662.30456,-6.5536252272,7.5563419402,0,0,0,-0.5276568548,0.8494576173,
1544591662.86341,-6.4324100466,7.2968892029,0,0,0,-0.5298925302,0.8480648008,
1544591663.41663,-6.3041044713,7.0445825843,0,0,0,-0.5314195059,0.8471087939,
1544591663.96966,-6.182473596,6.7921984242,0,0,0,-0.5313912956,0.8471264905,
1544591664.52782,-6.0586203267,6.5380937681,0,0,0,-0.5246468139,0.8513199872,
1544591665.08053,-5.9392566614,6.290148733,0,0,0,-0.5187289139,0.8549387778,
1544591665.64098,-5.8115891898,6.0391315552,0,0,0,-0.5100300592,0.860156578,
1544591666.19336,-5.6765365138,5.793368217,0,0,0,-0.5066518678,0.8621507321,
1544591666.74495,-5.5346094752,5.5480282178,0,0,0,-0.5065859975,0.8621894381,
1544591667.30392,-5.3951385896,5.2960942635,0,0,0,-0.5062665863,0.862377031,
1544591667.85653,-5.2679129255,5.0556686624,0,0,0,-0.5087781079,0.8608976925,
1544591668.41568,-5.1222059034,4.8008946779,0,0,0,-0.5116543647,0.8591913705,
1544591668.96844,-4.9837058747,4.5592055195,0,0,0,-0.5128777732,0.8584616414,
1544591670.00031,-4.8593564632,4.3224896867,0,0,0,-0.5189098958,0.854828942,
1544591671.59078,-4.7908181199,4.1860202154,0,0,0,-0.6180181798,0.7861638057,
1544591671.91016,-4.7872154869,4.1813237319,0,0,0,-0.6986591767,0.715454649,
1544591672.22336,-4.7941399373,4.1664292725,0,0,0,-0.7691303611,0.6390919242,
1544591672.62257,-4.8217381577,4.0618627384,0,0,0,-0.8447158417,0.5352150472,
1544591673.02177,-4.9022681524,3.9437363905,0,0,0,-0.9052524944,0.4248740064,
1544591673.33503,-5.0246356182,3.8346883986,0,0,0,-0.944499746,0.3285121456,
1544591673.73429,-5.1893487376,3.7336840033,0,0,0,-0.9754359632,0.2202831851,
1544591674.28719,-5.4522059566,3.6383962859,0,0,0,-0.9911541004,0.1327160473,
1544591674.8396,-5.719791612,3.5763217483,0,0,0,-0.9963772488,0.0850433898,
1544591675.39271,-5.984741657,3.5350713449,0,0,0,-0.99721571,0.0745709571,
1544591675.95139,-6.2565759965,3.4933839035,0,0,0,-0.9973705891,0.0724700483,
1544591676.50423,-6.530575295,3.4443409681,0,0,0,-0.9969534224,0.0779991899,
1544591677.45615,-6.7913442952,3.3979688193,0,0,0,-0.9961256794,0.0879410646,
1544591678.80165,-6.9837485275,3.3548931979,0,0,0,-0.9774290438,0.2112639682,
1544591679.12048,-6.9798525798,3.3483549669,0,0,0,-0.9498431614,0.3127266677,
1544591679.67331,-6.9668361512,3.3472492205,0,0,0,-0.9083951335,0.4181127617,
1544591684.91217,-6.9753705302,3.3408797802,0,0,0,-0.8516635952,0.524088848,
1544591685.22725,-6.9656096039,3.3352767376,0,0,0,-0.7918660068,0.6106948724,
1544591685.61835,-6.9563275633,3.3340346974,0,0,0,-0.7112308176,0.7029585508,
1544591686.01761,-6.9398432528,3.2022997141,0,0,0,-0.6275973809,0.7785380706,
1544591686.33709,-6.8859919976,3.0584191191,0,0,0,-0.5450867568,0.8383796441,
1544591686.73167,-6.7804110689,2.8949938089,0,0,0,-0.4362313332,0.8998345537,
1544591687.12941,-6.645169532,2.7657951043,0,0,0,-0.3189040478,0.9477870058,
1544591687.52848,-6.4778251959,2.6673633101,0,0,0,-0.2147896582,0.9766603313,
1544591688.16132,-6.1770967428,2.5739817678,0,0,0,-0.1013049019,0.9948554251,
1544591688.79998,-5.8603092465,2.5351600618,0,0,0,-0.0578112806,0.9983275293,
1544591689.43264,-5.5493537603,2.4849861004,0,0,0,-0.0943203709,0.9955418965,
1544591690.0713,-5.2413372741,2.4090486476,0,0,0,-0.1462518061,0.9892473953,
1544591690.70366,-4.9284371149,2.3094526119,0,0,0,-0.1638583894,0.9864838712,
1544591691.41641,-4.5813856748,2.1961165106,0,0,0,-0.1730523867,0.9849126212,
1544591692.13466,-4.2381025587,2.0723918593,0,0,0,-0.1911247986,0.9815657448,
1544591692.92699,-3.881320581,1.9067874141,0,0,0,-0.2614401634,0.9652196853,
1544591693.55977,-3.6216162869,1.7177917772,0,0,0,-0.3562443731,0.9343928225,
1544591694.11855,-3.4288581682,1.5164443291,0,0,0,-0.4357191511,0.9000826748,
1544591694.6776,-3.2706001271,1.2799490135,0,0,0,-0.5084730929,0.861077879,
1544591695.23023,-3.1572145259,1.0292635372,0,0,0,-0.5621136364,0.8270600098,
1544591696.02246,-3.0782767431,0.7768772233,0,0,0,-0.6100056128,0.7923970926,
1544591697.05416,-3.0123564537,0.5329763523,0,0,0,-0.6221534661,0.7828953089,
1544591697.68698,-2.9784514876,0.4634733205,0,0,0,-0.5357883352,0.8443523316,
1544591698.00634,-2.9602999114,0.4610704503,0,0,0,-0.4432075014,0.8964190486,
1544591698.31946,-2.9495135323,0.4641365187,0,0,0,-0.3481061939,0.9374551071,
1544591698.63863,-2.9338636267,0.4678081077,0,0,0,-0.2448030966,0.9695728151,
1544591698.95823,-2.9163137201,0.4738421545,0,0,0,-0.1392007738,0.9902641792,
1544591699.3514,-2.9163951912,0.4873365099,0,0,0,-0.0288908025,0.9995825736,
1544591700.22958,-2.920421275,0.4942964035,0,0,0,0.0770302308,0.9970287576,
1544591707.4523,-2.631726233,0.5250180966,0,0,0,0.0124923577,0.9999219675,
1544591708.00503,-2.3512791705,0.5184710398,0,0,0,-0.0347832685,0.999394879,
1544591708.63751,-2.0385155124,0.4944352057,0,0,0,-0.0552244218,0.9984739672,
1544591709.27649,-1.7182206952,0.4569339539,0,0,0,-0.0604240514,0.9981727977,
1544591709.90876,-1.398027235,0.4316907574,0,0,0,-0.0444908233,0.9990097931,
1544591710.46162,-1.122078082,0.4253921144,0,0,0,-0.0027802278,0.9999961352,
1544591711.02044,-0.8437679295,0.4406343806,0,0,0,0.0583091812,0.9982985723,
1544591711.57321,-0.5756971937,0.4880883081,0,0,0,0.0967973559,0.9953041103,
1544591712.12588,-0.3059147123,0.5489956212,0,0,0,0.1309667465,0.9913867617,
1544591712.68475,-0.0420564373,0.6407055627,0,0,0,0.1667470678,0.9859997035,
1544591713.39752,0.2097548304,0.7371340221,0,0,0,0.1864847648,0.9824578528,
1544591714.4291,0.4463304083,0.8383745092,0,0,0,0.201991145,0.979387348,
1544591715.30142,0.5460624002,0.8796973402,0,0,0,0.08479067,0.9963987868,
1544591716.09524,0.5416829972,0.881542526,0,0,0,-0.0215038578,0.9997687653,
1544591719.66184,0.666502603,0.8533384291,0,0,0,-0.1400388277,0.9901460128,
1544591719.98136,0.8058863082,0.7886882959,0,0,0,-0.240945354,0.9705386836,
1544591720.37423,0.9665826604,0.6725446313,0,0,0,-0.3508438396,0.9364339807,
1544591720.93327,1.1504514488,0.4600386462,0,0,0,-0.4480238181,0.8940216208,
1544591721.48597,1.298782039,0.2293846824,0,0,0,-0.4864202438,0.8737249833,
1544591722.03872,1.4475986445,-0.0171246043,0,0,0,-0.4921828684,0.8704918288,
1544591722.59315,1.5986525818,-0.2578352692,0,0,0,-0.4643860642,0.8856328717,
1544591723.15038,1.7748381462,-0.4775756559,0,0,0,-0.3992331504,0.9168494378,
1544591723.78311,2.0037784094,-0.6749421462,0,0,0,-0.3102063501,0.9506692487,
1544591724.49534,2.3117615181,-0.8464647936,0,0,0,-0.2076940393,0.9781938387,
1544591725.13399,2.6082247845,-0.9367831466,0,0,0,-0.0996867781,0.9950188673,
1544591725.76699,2.9245310261,-0.9525004021,0,0,0,0.0147854336,0.9998906895,
1544591726.47919,3.1927855434,-0.9149590273,0,0,0,0.0860992644,0.9962865635,
1544591727.59072,3.4630240953,-0.8433255402,0,0,0,0.1504847369,0.9886123325,
1544591728.38917,3.539120538,-0.8239550667,0,0,0,0.0453877921,0.9989694431,
1544591728.78222,3.5412011327,-0.8260619731,0,0,0,-0.0582909487,0.998299637,
1544591729.65428,3.5458025006,-0.8305472029,0,0,0,-0.1597777707,0.9871530094,
1544591735.51985,3.5494565935,-0.8376129078,0,0,0,-0.2797887943,0.9600615765,
1544591735.91889,3.5418545424,-0.8412518343,0,0,0,-0.3856233429,0.9226562943,
1544591736.31216,3.5392280592,-0.8511071935,0,0,0,-0.493681969,0.8696425205,
1544591736.71119,3.5355124495,-0.8593361894,0,0,0,-0.5947934934,0.8038785357,
1544591737.1043,3.5310212245,-0.8681214796,0,0,0,-0.6876217659,0.7260690787,
1544591737.42378,3.525101043,-0.8764669117,0,0,0,-0.7578609996,0.6524160523,
1544591737.74297,3.5231943575,-0.8837153601,0,0,0,-0.8212584208,0.5705564007,
1544591738.13601,3.5208910849,-0.8821152274,0,0,0,-0.8841847451,0.4671373852,
1544591738.53527,3.5178365034,-0.8753469546,0,0,0,-0.9350807575,0.3544347289,
1544591738.85458,3.5122535124,-0.8718113341,0,0,0,-0.9658043894,0.2592718292,
1544591739.16786,3.4989796756,-0.8710291768,0,0,0,-0.9872946788,0.158900023,
1544591739.48737,3.4893407478,-0.8683525404,0,0,0,-0.9985107635,0.0545550655,
1544591739.80668,3.4885419117,-0.8661808459,0,0,0,0.9988406368,0.048139196,
1544591740.12013,3.4737332255,-0.8623035679,0,0,0,0.9884721199,0.1514029995,
1544591740.59913,3.4666326935,-0.8615949996,0,0,0,0.9675941943,0.2525103465,
1544591743.76822,3.4569787868,-0.8550708971,0,0,0,0.9331168097,0.3595733853,
1544591744.56024,3.4559021326,-0.8601583106,0,0,0,0.9690599136,0.2468256142,
1544591745.75173,3.4586166238,-0.8620520834,0,0,0,0.989528614,0.1443368357,
1544591746.22465,3.4500237241,-0.8532841146,0,0,0,0.968996457,0.2470746171,
1544591746.78352,3.4451965351,-0.8458431932,0,0,0,0.9392988709,0.3431000309,
1544591747.65565,3.4368898435,-0.8457557509,0,0,0,0.8970052179,0.4420199533,
1544591748.13469,3.4347338969,-0.840529714,0,0,0,0.8475183499,0.5307660941,
1544591748.92703,3.4392570437,-0.8177641506,0,0,0,0.7894630524,0.6137980848,
1544591749.55984,3.3964640938,-0.5228045303,0,0,0,0.7496533658,0.6618306665,
1544591750.11391,3.366976858,-0.24292048,0,0,0,0.7563551355,0.6541612256,
1544591750.66501,3.316737151,0.0310170387,0,0,0,0.7932570855,0.6088868502,
1544591751.22386,3.2259201315,0.2932361058,0,0,0,0.8333146823,0.5527989148,
1544591751.77675,3.0998112673,0.5423336953,0,0,0,0.8685292625,0.4956378921,
1544591752.33559,2.949734015,0.7736161147,0,0,0,0.8925455252,0.4509572989,
1544591752.88862,2.7697071029,0.9899533467,0,0,0,0.9115797273,0.4111233402,
1544591753.44099,2.5810690297,1.1930902251,0,0,0,0.9245202929,0.3811328219,
1544591754.00001,2.3743770305,1.3910753128,0,0,0,0.9318088125,0.3629494963,
1544591754.55325,2.1696104578,1.5767626713,0,0,0,0.9315725565,0.3635554592,
1544591755.10551,1.9661044428,1.7678369954,0,0,0,0.9291370081,0.3697356084,
1544591755.66456,1.7648417863,1.9599224271,0,0,0,0.9201738801,0.3915099365,
1544591756.2173,1.5776043991,2.1587317509,0,0,0,0.9084851253,0.4179171893,
1544591756.77608,1.406276067,2.3752041694,0,0,0,0.8973885313,0.4412412309,
1544591757.3289,1.2502428274,2.6006262236,0,0,0,0.8821517315,0.4709653093,
1544591757.8816,1.1048648499,2.8312113263,0,0,0,0.867299992,0.4977858212,
1544591758.4344,0.9746507693,3.0792157081,0,0,0,0.8540919498,0.5201220446,
1544591758.99303,0.8488000544,3.3287549141,0,0,0,0.8405017767,0.5418087885,
1544591759.54593,0.7391104754,3.5802585791,0,0,0,0.8343450936,0.5512424737,
1544591760.57945,0.6300389901,3.8314067078,0,0,0,0.8285125214,0.5599705366,
1544591761.68318,0.5421123039,4.0759284234,0,0,0,0.819009559,0.5737798726,
1544591762.39712,0.5415427361,4.077015351,0,0,0,0.8730885981,0.4875615857,
1544591763.74724,0.3761032186,4.2604643461,0,0,0,0.9183938562,0.3956674422,
1544591764.30575,0.1680238785,4.4593107596,0,0,0,0.9332760531,0.3591598652,
1544591764.93826,-0.0755945382,4.6643014179,0,0,0,0.9404029462,0.3400621984,
1544591765.57105,-0.3294954579,4.8591315301,0,0,0,0.9415988796,0.336736618,
1544591766.12977,-0.5499359807,5.0376181475,0,0,0,0.9390361365,0.3438184612,
1544591766.76253,-0.7860460568,5.2388030944,0,0,0,0.9317224114,0.3631712379,
1544591767.31518,-0.9847798969,5.4268970579,0,0,0,0.9236863418,0.3831495033,
1544591767.87409,-1.1891481234,5.6327333706,0,0,0,0.919546491,0.3929812347,
1544591768.42687,-1.3790142072,5.8284192386,0,0,0,0.9129102183,0.4081604259,
1544591768.98574,-1.5681180016,6.0410100122,0,0,0,0.9090375922,0.4167141179,
1544591769.53857,-1.7514253545,6.2483247432,0,0,0,0.9047120546,0.4260235889,
1544591770.0912,-1.9264688795,6.464639582,0,0,0,0.9018271618,0.4320969455,
1544591770.65149,-2.1057510845,6.6804055143,0,0,0,0.8994816392,0.4369585573,
1544591771.20309,-2.2713903272,6.8926359133,0,0,0,0.8964289212,0.4431875329,
1544591771.75566,-2.4366151606,7.1180308015,0,0,0,0.8939342975,0.4481980274,
1544591772.31472,-2.602491909,7.3425633399,0,0,0,0.8934211978,0.4492199498,
1544591772.86732,-2.7638621744,7.5636981893,0,0,0,0.8906617705,0.4546664829,
1544591773.81933,-2.919906657,7.7832176931,0,0,0,0.8896854097,0.4565740595,
1544591777.94646,-3.0816538282,7.9961250824,0,0,0,0.9270538704,0.374928155,
1544591778.57912,-3.3140081573,8.1689796829,0,0,0,0.9581662919,0.2862120841,
1544591779.21163,-3.6003311895,8.3128987123,0,0,0,0.9750965659,0.2217807188,
1544591779.85034,-3.8949569711,8.4386419412,0,0,0,0.9762935891,0.2164505206,
1544591780.48369,-4.1871372814,8.5673564057,0,0,0,0.9759024404,0.2182073024,
1544591781.19534,-4.5131778159,8.7131240535,0,0,0,0.971819457,0.2357264157,
1544591781.82805,-4.8083586199,8.8421691738,0,0,0,0.9797011199,0.2004637516,
1544591782.54052,-5.1459835613,8.9571559117,0,0,0,0.9880179819,0.154338807,
1544591783.25918,-5.4917122613,9.0565297202,0,0,0,0.9891162344,0.1471362459,
1544591783.97146,-5.8381035957,9.165253643,0,0,0,0.9755136723,0.2199387989,
1544591784.61021,-6.1170059894,9.315051064,0,0,0,0.9500447013,0.3121138663,
1544591785.16304,-6.3486021549,9.4752852913,0,0,0,0.9438224727,0.3304529315,
1544591785.71571,-6.5608144527,9.6453984674,0,0,0,0.9416947464,0.3364684304,
1544591786.26848,-6.7779755708,9.813389404,0,0,0,0.947888007,0.3186037134,
1544591786.90125,-7.0365869725,9.9896667236,0,0,0,0.9577535761,0.2875901381,
1544591787.53372,-7.3127394355,10.1420786996,0,0,0,0.967583141,0.2525526978,
1544591788.40598,-7.5918458162,10.2800905702,0,0,0,0.9722986223,0.2337421421,
1544591789.67724,-7.8747136395,10.4143107137,0,0,0,0.9674004438,0.2532516166,
1544591796.09526,-7.9244692293,10.4436351637,0,0,0,0.99087634,0.1347741771,
1544591796.48826,-7.926221353,10.4382321098,0,0,0,0.9999412618,0.010838491,
1544591796.80766,-7.9252226869,10.4295262242,0,0,0,-0.9954554958,0.0952279155,
1544591797.1212,-7.9329126705,10.4170830098,0,0,0,-0.9797531776,0.2002091681,
1544591797.44037,-7.9392899885,10.4086542553,0,0,0,-0.9526085195,0.304198962,
1544591797.83325,-7.9811489574,10.3652293924,0,0,0,-0.9069929052,0.4211459011,
1544591798.15262,-8.0267290337,10.2883192536,0,0,0,-0.8573234028,0.5147781882,
1544591798.55208,-8.0893666892,10.1365185197,0,0,0,-0.794048704,0.6078541402,
1544591798.94497,-8.1152863676,9.9591531841,0,0,0,-0.7198724132,0.6941064102,
1544591799.34419,-8.0942207204,9.7778906312,0,0,0,-0.6335829889,0.7736747354,
1544591799.81719,-8.0217029589,9.5628510761,0,0,0,-0.5382105023,0.8428104503,
1544591800.37591,-7.8764307823,9.3225335199,0,0,0,-0.4604065798,0.8877081622,
1544591800.92879,-7.7006375034,9.1017997358,0,0,0,-0.4319671973,0.9018893172,
1544591801.48765,-7.5248127827,8.8848489818,0,0,0,-0.4281398762,0.9037124799,
1544591802.04037,-7.3567995,8.6649295702,0,0,0,-0.4336208892,0.9010954025,
1544591802.59314,-7.1969534131,8.4515937004,0,0,0,-0.4539156227,0.891044672,
1544591803.15201,-7.0288617664,8.2194566902,0,0,0,-0.4619839645,0.8868882774,
1544591803.7048,-6.8870720814,7.9862366366,0,0,0,-0.4872696734,0.8732515476,
1544591804.2576,-6.7367663243,7.740617836,0,0,0,-0.476922819,0.8789451773,
1544591805.68832,-6.5855370323,7.5185158249,0,0,0,-0.5136255571,0.8580144446,
1544591806.24132,-6.4730363615,7.2775487176,0,0,0,-0.5238991202,0.851780319,
1544591806.79391,-6.3485958831,7.0203081667,0,0,0,-0.5241325013,0.8516367307,
1544591807.35316,-6.2205477041,6.7664195371,0,0,0,-0.5187920322,0.854900478,
1544591807.90763,-6.0910479716,6.521018442,0,0,0,-0.5156988863,0.8567698983,
1544591808.45849,-5.9548497521,6.2811979708,0,0,0,-0.5109332013,0.8596204185,
1544591809.01115,-5.8126418105,6.0385930823,0,0,0,-0.5095863214,0.8604195378,
1544591809.72984,-5.6808210075,5.7962124787,0,0,0,-0.5140367424,0.8577681665,
1544591810.68314,-5.5507967691,5.5438945203,0,0,0,-0.5205169753,0.853851321,
1544591811.23427,-5.4272525127,5.3027744775,0,0,0,-0.5228637229,0.8524162875,
1544591811.78729,-5.3034025785,5.0513280997,0,0,0,-0.5205081153,0.8538567221,
1544591812.34632,-5.1723135684,4.8036876056,0,0,0,-0.5127447541,0.8585410981,
1544591812.89885,-5.0305757243,4.5597576029,0,0,0,-0.4946809879,0.8690746344,
1544591813.85091,-4.8867401353,4.3347681495,0,0,0,-0.488758732,0.8724189945,
1544591815.59503,-4.8557126638,4.2965942209,0,0,0,-0.5822502372,0.8130096317,
1544591816.0741,-4.852770079,4.292933843,0,0,0,-0.6636310735,0.7480600232,
1544591816.39346,-4.8620404971,4.2898151396,0,0,0,-0.7393639183,0.6733060198,
1544591816.70687,-4.8638481159,4.293360232,0,0,0,-0.8051254629,0.5931045346,
1544591817.10599,-4.8592950213,4.293724983,0,0,0,-0.8594856143,0.5111599347,
1544591817.65865,-4.8599371637,4.29596388,0,0,0,-0.7933365088,0.6087833636,
1544591818.05176,-4.8683206798,4.2515595801,0,0,0,-0.7235032365,0.6903209882,
1544591818.61225,-4.8695575777,4.2410986729,0,0,0,-0.7932313033,0.6089204378,
1544591818.92997,-4.8775551461,4.2392875895,0,0,0,-0.8525709953,0.5226114217,
1544591819.9557,-4.879571495,4.2360222373,0,0,0,-0.7828934734,0.6221557758,
1544591821.06736,-4.8831574974,4.2347512117,0,0,0,-0.8436710583,0.5368604524,
1544591821.69988,-4.8784401821,4.234888771,0,0,0,-0.7823670318,0.6228176519,
1544591822.01316,-4.8785514672,4.2399584464,0,0,0,-0.7137475135,0.7004030889,
1544591822.41245,-4.8744566138,4.2391035927,0,0,0,-0.6295005737,0.7770000178,
1544591822.80539,-4.8743041921,4.241666315,0,0,0,-0.5325845665,0.8463767952,
1544591823.36433,-4.8432549989,4.2014777922,0,0,0,-0.4392640032,0.8983580219,
1544591824.62949,-4.8432590803,4.2011935885,0,0,0,-0.3389997372,0.9407864679,
1544591825.82097,-4.8410518632,4.2070385353,0,0,0,-0.433012897,0.9013877251,
1544591827.95854,-4.8398234541,4.2106011708,0,0,0,-0.3329465311,0.9429457076,
1544591828.99626,-4.8383519061,4.2128895289,0,0,0,-0.43433005,0.9007537997,
1544591830.58098,-4.8110338779,4.1741129234,0,0,0,-0.5374958485,0.8432663949,
1544591830.89395,-4.8120550449,4.1703183787,0,0,0,-0.6227899751,0.7823890636,
1544591831.21346,-4.8104010067,4.1707453012,0,0,0,-0.7026987365,0.7114875162,
1544591831.53264,-4.8070523958,4.1733501011,0,0,0,-0.7736319195,0.6336352682,
1544591831.92743,-4.8230768501,4.1430374733,0,0,0,-0.841714963,0.5399221435,
1544591832.32512,-4.9174092143,3.9869479784,0,0,0,-0.8958869118,0.4442821641,
1544591832.71828,-5.0471521869,3.8594940084,0,0,0,-0.9424977338,0.3342125399,
1544591833.11896,-5.2052205815,3.7616640886,0,0,0,-0.9749030857,0.222629678,
1544591833.59019,-5.415775738,3.6897050423,0,0,0,-0.9923700772,0.1232948901,
1544591834.143,-5.6862333144,3.6343706631,0,0,0,-0.997178024,0.07507322,
1544591834.70204,-5.9572734796,3.5926690512,0,0,0,-0.9974686776,0.0711072234,
1544591835.25456,-6.2250661373,3.5561538877,0,0,0,-0.9971024807,0.0760699872,
1544591835.80748,-6.4979621874,3.5074965795,0,0,0,-0.9954775372,0.0949972264,
1544591836.6796,-6.7637047958,3.4506683338,0,0,0,-0.9926869992,0.1207166996,
1544591838.10442,-6.9819756874,3.3738156399,0,0,0,-0.9690240074,0.2469665426,
1544591838.50351,-6.9813660322,3.3649393183,0,0,0,-0.9308829336,0.3653176205,
1544591839.29597,-6.9789204414,3.3606675568,0,0,0,-0.8871816374,0.4614203531,
1544591844.29038,-6.9743491508,3.3528919615,0,0,0,-0.8244202253,0.5659781728,
1544591844.60242,-6.9710866283,3.3438749969,0,0,0,-0.7595594549,0.650437879,
1544591845.00306,-6.9662132075,3.3385743147,0,0,0,-0.6711857289,0.7412892265,
1544591845.39476,-6.9430361018,3.2370427939,0,0,0,-0.5853144957,0.8108063524,
1544591845.79435,-6.8668989078,3.0691346533,0,0,0,-0.4865498774,0.8736528011,
1544591846.1868,-6.7601767862,2.9463242716,0,0,0,-0.3806435701,0.9247218352,
1544591846.58612,-6.6757309403,2.8871289804,0,0,0,-0.2636504203,0.9646182954,
1544591846.9852,-6.5684884277,2.8401212391,0,0,0,-0.1625846986,0.9866945909,
1544591847.37855,-6.3907319167,2.8031887052,0,0,0,-0.0573743602,0.9983527347,
1544591847.93104,-6.2168545051,2.8077093112,0,0,0,0.0531002244,0.9985891879,
1544591848.88918,-5.9440259115,2.8804589706,0,0,0,0.1248836605,0.9921713921,
1544591849.44213,-5.6767838873,2.9210515748,0,0,0,0.0191294937,0.9998170145,
1544591849.84109,-5.4883843482,2.9046067355,0,0,0,-0.0907714004,0.9958717552,
1544591850.8732,-5.1720570744,2.8214605014,0,0,0,-0.1695596527,0.9855199258,
1544591851.50544,-4.8850440295,2.6929826288,0,0,0,-0.2628480688,0.9648372364,
1544591852.05849,-4.6538988774,2.5375462996,0,0,0,-0.3074843752,0.9515531299,
1544591852.61734,-4.4303673381,2.3704820945,0,0,0,-0.3121374272,0.9500369606,
1544591853.16991,-4.202269683,2.2118093755,0,0,0,-0.3084016018,0.9512562494,
1544591853.72294,-3.9840338065,2.0498833313,0,0,0,-0.3099219342,0.9507620074,
1544591854.28162,-3.7600288596,1.8716087903,0,0,0,-0.3523274653,0.9358767853,
1544591854.83428,-3.5610278505,1.6800712387,0,0,0,-0.4071081825,0.9133799471,
1544591855.39345,-3.3895452518,1.460698881,0,0,0,-0.4706491572,0.8823204468,
1544591855.94593,-3.2576268911,1.2266484938,0,0,0,-0.527690604,0.8494366524,
1544591856.49858,-3.1516313025,0.9707869139,0,0,0,-0.5762260113,0.8172903914,
1544591857.37067,-3.0818601577,0.7061325462,0,0,0,-0.6070296233,0.7946792035,
1544591858.95538,-3.0096716686,0.4813676892,0,0,0,-0.5000724906,0.8659835472,
1544591859.2687,-3.0003643952,0.4907560482,0,0,0,-0.405354748,0.9141594655,
1544591859.58811,-2.9875727626,0.4971241187,0,0,0,-0.3057268662,0.952119259,
1544591859.90142,-2.9823573095,0.4998155245,0,0,0,-0.2050700984,0.9787472885,
1544591860.22083,-2.9689779382,0.505261168,0,0,0,-0.1015233094,0.9948331607,
1544591860.6936,-2.9628338506,0.5147699387,0,0,0,0.0040268278,0.9999918923,
1544591868.70249,-2.6381652961,0.5535134049,0,0,0,0.0208058456,0.999783535,
1544591869.42081,-2.2770628303,0.5462583703,0,0,0,-0.0388715505,0.9992442157,
1544591870.13327,-1.9116061721,0.5230084604,0,0,0,-0.0588268753,0.9982681998,
1544591870.84563,-1.557829312,0.4890617603,0,0,0,-0.057699972,0.9983339688,
1544591871.56055,-1.2017954047,0.4603901478,0,0,0,-0.0467977934,0.9989043831,
1544591872.27077,-0.8500576467,0.4527901833,0,0,0,0.0147957787,0.9998905365,
1544591872.90314,-0.5440621809,0.5004953872,0,0,0,0.0857691235,0.9963150393,
1544591873.53593,-0.2284845149,0.5790331584,0,0,0,0.1263537061,0.9919852524,
1544591874.09478,0.0300449497,0.673464575,0,0,0,0.1654054636,0.9862256499,
1544591875.1204,0.2947845758,0.7810245889,0,0,0,0.1831090713,0.983092604,
1544591876.79087,0.5017559966,0.8662643433,0,0,0,0.0747915804,0.9971991875,
1544591877.58332,0.5040332281,0.8639029518,0,0,0,-0.0323342189,0.9994771124,
1544591881.07233,0.6336293842,0.8347539094,0,0,0,-0.1470672407,0.9891264968,
1544591881.47113,0.8026133658,0.7562046912,0,0,0,-0.2635111208,0.9646563581,
1544591881.94372,0.9766452757,0.6142528265,0,0,0,-0.3707412156,0.9287362118,
1544591882.50307,1.1592029887,0.4031282156,0,0,0,-0.4442691559,0.8958933626,
1544591883.05534,1.3140827275,0.1797460173,0,0,0,-0.468793767,0.8833076497,
1544591883.60816,1.4594578586,-0.0521897904,0,0,0,-0.4731667584,0.880972882,
1544591884.16104,1.6177847491,-0.2845355666,0,0,0,-0.4473771452,0.8943453975,
1544591884.71425,1.7967633367,-0.4939671456,0,0,0,-0.3866077374,0.9222442504,
1544591885.27254,1.9969687962,-0.6752989407,0,0,0,-0.314801609,0.9491574933,
1544591885.82539,2.2297806242,-0.8181225812,0,0,0,-0.230332937,0.9731118837,
1544591886.45797,2.5179404992,-0.9341155976,0,0,0,-0.1243064042,0.9922438802,
1544591887.09668,2.8305383459,-0.969933966,0,0,0,-0.0116670556,0.9999319376,
1544591887.80899,3.1690102816,-0.9411323539,0,0,0,0.089470336,0.9959894874,
1544591888.99447,3.4533059101,-0.8674998375,0,0,0,0.1763950398,0.9843194552,
1544591890.0325,3.5865507698,-0.814094434,0,0,0,0.0678869391,0.9976930207,
1544591890.42587,3.5913483924,-0.8097129217,0,0,0,-0.0469371741,0.9988978435,
1544591891.21784,3.592877714,-0.8138400584,0,0,0,-0.1526605822,0.9882786786,
1544591897.47001,3.5902591968,-0.8118012061,0,0,0,-0.0373696703,0.9993015099,
1544591897.86901,3.5932740441,-0.8041028123,0,0,0,0.083083731,0.9965425699,
1544591898.18244,3.5936524476,-0.7983292631,0,0,0,0.188466804,0.9820795608,
1544591898.58178,3.5941014509,-0.7870550825,0,0,0,0.3078340927,0.9514400514,
1544591898.97617,3.6755970369,-0.7038058511,0,0,0,0.4124943352,0.9109601657,
1544591899.37397,3.7713129567,-0.5534542643,0,0,0,0.5130121696,0.8583813336,
1544591899.767,3.8349834661,-0.3904438597,0,0,0,0.6055559962,0.7958026988,
1544591900.16876,3.8570792153,-0.2095360691,0,0,0,0.6898511349,0.7239512495,
1544591900.5593,3.8367444337,-0.0399292889,0,0,0,0.7631746366,0.6461922887,
1544591900.95867,3.7831265457,0.134536408,0,0,0,0.8281199235,0.560550972,
1544591901.51103,3.6485932342,0.3737459562,0,0,0,0.8874636541,0.4608777091,
1544591902.06393,3.4724318949,0.5924909106,0,0,0,0.9195527639,0.3929665563,
1544591902.62303,3.2596224491,0.7808492426,0,0,0,0.9367461101,0.3500096072,
1544591903.17562,3.0514736912,0.960383651,0,0,0,0.9456634075,0.3251472278,
1544591903.73454,2.8331783946,1.133893213,0,0,0,0.9474791567,0.3198175222,
1544591904.28724,2.6198348927,1.3073439435,0,0,0,0.9471329251,0.3208414283,
1544591904.84015,2.4106529131,1.4781930395,0,0,0,0.9466793224,0.3221773742,
1544591905.39901,2.1952299471,1.6555659579,0,0,0,0.9443296706,0.3290007193,
1544591905.95179,1.9767440686,1.8301621966,0,0,0,0.9398355916,0.3416270785,
1544591906.5045,1.7722472274,2.0162732794,0,0,0,0.9290539012,0.369944386,
1544591907.06356,1.5777069378,2.2170473723,0,0,0,0.9158864113,0.4014375189,
1544591907.6162,1.4010142563,2.4208797161,0,0,0,0.9037842712,0.4279883073,
1544591908.16881,1.2391387562,2.6410456053,0,0,0,0.8890166382,0.4578748923,
1544591908.72165,1.0969036724,2.8679920897,0,0,0,0.8731407781,0.487468134,
1544591909.28056,0.9581810498,3.1168403391,0,0,0,0.8557708431,0.5173550658,
1544591909.83322,0.8405854131,3.3611540525,0,0,0,0.8428372178,0.5381685836,
1544591910.38582,0.7282333759,3.6124805427,0,0,0,0.8405541546,0.5417275267,
1544591911.41771,0.6186518336,3.8540776441,0,0,0,0.8382645522,0.5452637349,
1544591913.4752,0.5380768319,4.0369576018,0,0,0,0.8889093898,0.4580830674,
1544591914.42699,0.3642236373,4.2536957214,0,0,0,0.914254609,0.4051401114,
1544591914.98601,0.1652409529,4.4566145638,0,0,0,0.9267835358,0.3755958969,
1544591915.5388,-0.0470111427,4.6462289624,0,0,0,0.9344445252,0.3561087326,
1544591916.09164,-0.2600714456,4.822305791,0,0,0,0.9365997884,0.3504009652,
1544591916.65059,-0.476460081,5.0042830665,0,0,0,0.9368004361,0.349864178,
1544591917.20468,-0.6829521768,5.1776197432,0,0,0,0.9352435542,0.3540049354,
1544591917.75612,-0.8818839408,5.3609235552,0,0,0,0.9284348947,0.3714951498,
1544591918.31496,-1.0780651315,5.5631661765,0,0,0,0.9165229967,0.3999819953,
1544591918.86756,-1.2723076124,5.7584241019,0,0,0,0.9134414924,0.4069700725,
1544591919.42654,-1.4578232372,5.9601161516,0,0,0,0.9095277385,0.415643228,
1544591919.97921,-1.6368923845,6.1742483948,0,0,0,0.905066937,0.4252691377,
1544591920.53222,-1.8078543312,6.3849217879,0,0,0,0.9036368777,0.42829942,
1544591921.08489,-1.9866453863,6.6000501527,0,0,0,0.9010615284,0.433691275,
1544591921.64386,-2.1749544478,6.8187259802,0,0,0,0.9016558706,0.4324542646,
1544591922.19652,-2.3513659604,7.0291110169,0,0,0,0.9021456964,0.4314315038,
1544591922.74905,-2.5289723814,7.2441759075,0,0,0,0.8999389589,0.436015906,
1544591923.30801,-2.6976507381,7.4565512197,0,0,0,0.8975729019,0.4408660633,
1544591923.86076,-2.8485436072,7.66078587,0,0,0,0.8926520276,0.450746445,
1544591924.89284,-3.0070219837,7.8715665023,0,0,0,0.8917748208,0.452479468,
1544591929.08794,-3.1341124024,8.0159671523,0,0,0,0.9350944849,0.3543985105,
1544591929.64611,-3.3678767607,8.1714662032,0,0,0,0.9632438194,0.2686286364,
1544591930.19915,-3.613085291,8.2950111636,0,0,0,0.973911436,0.2269284356,
1544591930.75176,-3.8694216183,8.406834558,0,0,0,0.9748866664,0.2227015664,
1544591931.31093,-4.1180476098,8.5249439547,0,0,0,0.9739065559,0.2269493783,
1544591931.86361,-4.3595995101,8.6458521738,0,0,0,0.971687935,0.2362679772,
1544591932.41627,-4.6148670288,8.7669285594,0,0,0,0.9724422458,0.2331439011,
1544591932.97512,-4.8708857227,8.8795998195,0,0,0,0.982943815,0.183906108,
1544591933.60769,-5.179303372,8.9692208658,0,0,0,0.9912319623,0.1321332545,
1544591934.24013,-5.4802115133,9.0495688718,0,0,0,0.9900694005,0.1405794514,
1544591934.79927,-5.7524504372,9.1429587511,0,0,0,0.9800977976,0.1985152565,
1544591935.35209,-5.9846947203,9.2680376945,0,0,0,0.9620125232,0.2730053208,
1544591935.99071,-6.2037552115,9.4178754148,0,0,0,0.9459963328,0.3241773254,
1544591936.70305,-6.4289417626,9.5773703951,0,0,0,0.9471065774,0.3209191969,
1544591937.25716,-6.660616475,9.7218118974,0,0,0,0.9645934045,0.2637414717,
1544591937.80857,-6.8979684306,9.8581306147,0,0,0,0.9710992698,0.2386759479,
1544591938.36765,-7.1433820456,9.9778261204,0,0,0,0.9713869779,0.237502293,
1544591938.92012,-7.3924627715,10.0930231937,0,0,0,0.9708773569,0.2395770395,
1544591939.63291,-7.628181141,10.2200883377,0,0,0,0.9656448042,0.2598655655,
1544591940.74416,-7.8574428883,10.3609300349,0,0,0,0.9539144558,0.3000786747,
1544591947.71521,-7.9246981347,10.4048444949,0,0,0,0.9820746973,0.1884921453,
1544591948.10833,-7.9231004993,10.3840693991,0,0,0,0.9977080945,0.0676650445,
1544591948.42762,-7.9250574243,10.35552991,0,0,0,-0.9991084071,0.0422183707,
1544591948.74075,-7.9199069824,10.3331500486,0,0,0,-0.9889644441,0.1481530573,
1544591949.1401,-7.923515309,10.3107872287,0,0,0,-0.9642168529,0.2651148063,
1544591949.5331,-7.9965411959,10.2438402834,0,0,0,-0.9282812168,0.3718789892,
1544591949.93236,-8.1033427142,10.0929276497,0,0,0,-0.8807917893,0.4735037739,
1544591950.32519,-8.175873474,9.9331000409,0,0,0,-0.8250870672,0.5650056031,
1544591950.72477,-8.2181852002,9.7614922114,0,0,0,-0.7602158062,0.6496706304,
1544591951.11772,-8.2253535068,9.5849853656,0,0,0,-0.6867738775,0.7268711311,
1544591951.51702,-8.1984057551,9.4037943105,0,0,0,-0.6046734173,0.7964735139,
1544591951.90987,-8.1352142743,9.243764144,0,0,0,-0.5177734462,0.8555177721,
1544591952.38898,-8.0099566122,9.0617678574,0,0,0,-0.4200665655,0.907493295,
1544591952.9417,-7.8094132855,8.8672358986,0,0,0,-0.3490644331,0.9370987256,
1544591953.50092,-7.5921855862,8.6811502292,0,0,0,-0.3410750441,0.9400360708,
1544591954.05325,-7.3877733126,8.5019394171,0,0,0,-0.3545519611,0.9350363131,
1544591954.61244,-7.1868724377,8.3072673475,0,0,0,-0.3950476681,0.9186606228,
1544591955.16496,-7.0054532829,8.0918665426,0,0,0,-0.4312703832,0.9022227311,
1544591955.71778,-6.8469237133,7.8741846479,0,0,0,-0.4621583515,0.8867974166,
1544591956.27039,-6.6952592577,7.6410274825,0,0,0,-0.4802149538,0.8771508411,
1544591956.82924,-6.5525387322,7.4096608914,0,0,0,-0.4892604932,0.8721377012,
1544591957.38233,-6.4174602041,7.1670709198,0,0,0,-0.4999406416,0.8660596717,
1544591957.93499,-6.277801571,6.9244211797,0,0,0,-0.5058498721,0.8626215317,
1544591958.49375,-6.1470275065,6.6763038881,0,0,0,-0.510582053,0.8598290337,
1544591959.04652,-6.0127328915,6.4266233969,0,0,0,-0.5117244311,0.8591496416,
1544591959.59929,-5.8857454557,6.1905141947,0,0,0,-0.512136046,0.858904343,
1544591960.15858,-5.7498240931,5.9374175827,0,0,0,-0.5115303703,0.8592651979,
1544591960.71089,-5.6153865502,5.6885986091,0,0,0,-0.5109074169,0.8596357434,
1544591961.26366,-5.4838688643,5.4419062835,0,0,0,-0.5123945138,0.8587501745,
1544591961.82269,-5.3487915825,5.1969116745,0,0,0,-0.5123174157,0.8587961723,
1544591962.37534,-5.212099204,4.9518893423,0,0,0,-0.5130490262,0.8583593051,
1544591962.92809,-5.0781665042,4.7104733773,0,0,0,-0.5162155997,0.8564586707,
1544591963.72034,-4.9528907886,4.4776528267,0,0,0,-0.5143858032,0.8575588875,
1544591964.82619,-4.8113306417,4.2406597489,0,0,0,-0.4957921507,0.8684412146,
1544591965.93739,-4.7814114466,4.1892661343,0,0,0,-0.5927990273,0.8053504289,
1544591966.257,-4.7861367827,4.1849297481,0,0,0,-0.6757216708,0.7371568515,
1544591966.5762,-4.7993872376,4.1729329205,0,0,0,-0.75096035,0.660347297,
1544591966.96943,-4.8169965292,4.1183652647,0,0,0,-0.8199260988,0.5724693813,
1544591967.36839,-4.8976473674,3.9578978859,0,0,0,-0.8778698336,0.4788993163,
1544591967.76159,-5.0085697768,3.8212194238,0,0,0,-0.9261619957,0.3771259177,
1544591968.16094,-5.1485680911,3.7176633384,0,0,0,-0.9627895076,0.2702524081,
1544591968.63369,-5.3558172932,3.6214693168,0,0,0,-0.9861670997,0.1657541899,
1544591969.26647,-5.6610108964,3.5452745176,0,0,0,-0.9966136246,0.0822270231,
1544591969.97881,-6.0157392082,3.5006300307,0,0,0,-0.9984287261,0.0560364076,
1544591970.69128,-6.3593651414,3.4614416361,0,0,0,-0.998612177,0.0526661178,
1544591971.56352,-6.70340425,3.4236643858,0,0,0,-0.9984487313,0.0556788197,
1544591973.22156,-7.0062906368,3.3704518663,0,0,0,-0.9861035851,0.1661316328,
1544591973.54104,-7.0108127629,3.3641840557,0,0,0,-0.9628787704,0.2699342021,
1544591973.93411,-7.0145102015,3.3542612965,0,0,0,-0.928533172,0.3712494425,
1544591979.32737,-7.0122871021,3.3455379133,0,0,0,-0.879669054,0.4755863281,
1544591979.63964,-7.0126669317,3.3456735161,0,0,0,-0.8260463974,0.5636021198,
1544591980.03342,-7.0089142247,3.3436189352,0,0,0,-0.7495717725,0.6619230755,
1544591980.3524,-7.005516511,3.3422007089,0,0,0,-0.6773142137,0.7356938602,
1544591980.75184,-7.0047522092,3.3240835,0,0,0,-0.5852995402,0.8108171485,
1544591981.22612,-6.9258360911,3.1515143512,0,0,0,-0.4832884303,0.8754611888,
1544591981.61774,-6.8272588838,3.0171987415,0,0,0,-0.3864107031,0.9223268231,
1544591982.01664,-6.7399893485,2.9418441759,0,0,0,-0.28113897,0.959667067,
1544591982.56963,-6.6087863072,2.8779383712,0,0,0,-0.1742333683,0.9847043888,
1544591983.28163,-6.4344415145,2.8346128267,0,0,0,-0.0672008542,0.9977394676,
1544591983.76096,-6.3149369256,2.8381247768,0,0,0,0.0417223045,0.9991292455,
1544591984.87284,-5.9534805408,2.8998138476,0,0,0,0.0514898358,0.9986735186,
1544591997.78221,-5.7075654693,2.9026833458,0,0,0,-0.0484776165,0.9988242692,
1544592001.82371,-5.5006297286,2.857314248,0,0,0,-0.1626575315,0.986682587,
1544592003.16979,-5.231053991,2.7482534343,0,0,0,-0.2107883527,0.9775317234,
1544592003.72114,-5.0017803962,2.6289925099,0,0,0,-0.2485378149,0.9686221939,
1544592004.43962,-4.7684285634,2.5011148258,0,0,0,-0.2519159757,0.9677491107,
1544592004.99277,-4.5179539746,2.3695566695,0,0,0,-0.2511427188,0.9679500683,
1544592005.54531,-4.2827637762,2.2369162276,0,0,0,-0.2587374281,0.9659476918,
1544592006.09811,-4.0459431839,2.0956152897,0,0,0,-0.2847674772,0.9585966221,
1544592006.65111,-3.8239194084,1.944391737,0,0,0,-0.3259854273,0.945374794,
1544592007.20956,-3.6112721567,1.7610026715,0,0,0,-0.378638558,0.9255446193,
1544592007.76262,-3.4351448544,1.555735356,0,0,0,-0.4419150014,0.8970569277,
1544592008.32138,-3.2897703724,1.3318810962,0,0,0,-0.5051783808,0.8630149498,
1544592008.95395,-3.1581161871,1.0526678378,0,0,0,-0.5653393966,0.8248583919,
1544592009.90086,-3.0555394614,0.7469760872,0,0,0,-0.6075862804,0.7942536823,
1544592011.09171,-3.0076647552,0.4735057871,0,0,0,-0.6835297642,0.7299226407,
1544592011.48427,-3.007833093,0.4764255508,0,0,0,-0.5997085679,0.8002184912,
1544592011.87755,-2.9991600351,0.4822700508,0,0,0,-0.4913681642,0.8709519661,
1544592012.19684,-2.9884891924,0.4866420066,0,0,0,-0.3957904835,0.9183408371,
1544592012.51005,-2.9816802718,0.4933000118,0,0,0,-0.2966458744,0.9549875524,
1544592012.82929,-2.9763363778,0.4963436011,0,0,0,-0.1952279996,0.9807578846,
1544592013.22248,-2.9585124247,0.499018965,0,0,0,-0.0788398783,0.9968872923,
1544592013.86117,-2.9397443856,0.5059868814,0,0,0,0.0258781081,0.9996651057,
1544592021.23112,-2.5920091756,0.5400133845,0,0,0,0.0116121167,0.9999325771,
1544592021.8638,-2.2634083125,0.5461900273,0,0,0,-0.0233491326,0.9997273718,
1544592022.49692,-1.9313633397,0.5370608587,0,0,0,-0.0378962309,0.9992816799,
1544592023.12895,-1.6147258397,0.5200515875,0,0,0,-0.0442796101,0.9990191771,
1544592023.76162,-1.290174935,0.5037761965,0,0,0,-0.041771958,0.9991271708,
1544592024.39413,-0.9604435479,0.4928518446,0,0,0,-0.0126388038,0.9999201271,
1544592025.02676,-0.630728682,0.514521319,0,0,0,0.0616168129,0.998099879,
1544592025.73908,-0.2714433786,0.583186293,0,0,0,0.1186891364,0.9929314623,
1544592026.45167,0.0788360418,0.6833651934,0,0,0,0.1558838511,0.987775392,
1544592027.64314,0.3808690846,0.8011360815,0,0,0,0.196876112,0.980428374,
1544592028.67478,0.4931500968,0.8513822461,0,0,0,0.0953116187,0.995447485,
1544592029.30753,0.5035212835,0.8448706194,0,0,0,-0.0136178315,0.999907273,
1544592032.86991,0.623950955,0.8209085202,0,0,0,-0.1352877244,0.9908063542,
1544592033.26885,0.7905080855,0.7481256522,0,0,0,-0.2465497122,0.9691301458,
1544592033.74381,0.9704425913,0.6114750551,0,0,0,-0.3529559684,0.9356399331,
1544592034.30073,1.1573769928,0.4098776569,0,0,0,-0.4265210608,0.9044776308,
1544592034.85341,1.3261312021,0.1876970966,0,0,0,-0.4523063238,0.8918626517,
1544592035.40659,1.4870059514,-0.0377748919,0,0,0,-0.4570406044,0.8894458308,
1544592035.95898,1.6569542289,-0.2594036476,0,0,0,-0.4336884199,0.9010629026,
1544592036.5118,1.8412641789,-0.4602292158,0,0,0,-0.3782541657,0.9257017803,
1544592037.06493,2.0410960768,-0.6388455096,0,0,0,-0.3169848455,0.9484306025,
1544592037.61728,2.2692250343,-0.7845236822,0,0,0,-0.2346085923,0.9720899179,
1544592038.17626,2.5309041201,-0.8818103082,0,0,0,-0.1395880307,0.9902096655,
1544592038.72884,2.7913567499,-0.9270526782,0,0,0,-0.0513616217,0.9986801209,
1544592039.36162,3.1118442426,-0.9274682708,0,0,0,0.0324813109,0.999472343,
1544592040.55303,3.4043827514,-0.8800857279,0,0,0,0.1413949132,0.9899532709,
1544592041.58474,3.5453907604,-0.8308287746,0,0,0,0.0270689594,0.9996335686,
1544592042.05786,3.5558786801,-0.8266985597,0,0,0,-0.0728941662,0.9973396816,
1544592049.1023,3.5431384577,-0.8193299863,0,0,0,0.0346270126,0.9994003052,
1544592049.42157,3.5482009493,-0.8165661206,0,0,0,0.1380172419,0.9904298264,
1544592049.8149,3.5435443848,-0.8120211934,0,0,0,0.2544182714,0.9670942783,
1544592050.13384,3.561139967,-0.796527654,0,0,0,0.3529693854,0.9356348716,
1544592050.52697,3.6503368734,-0.7016499632,0,0,0,0.4508004778,0.8926247415,
1544592050.92676,3.7449659556,-0.5443420847,0,0,0,0.5472350384,0.8369789799,
1544592051.31928,3.7935821916,-0.3805423466,0,0,0,0.6312268605,0.7755982533,
1544592051.71875,3.8084195785,-0.203209275,0,0,0,0.7089717235,0.7052369072,
1544592052.11156,3.7835184018,-0.0406632044,0,0,0,0.7766439975,0.6299397599,
1544592052.58477,3.7084936812,0.1712551661,0,0,0,0.8416528411,0.5400189765,
1544592053.14358,3.5624731253,0.4015356243,0,0,0,0.8957502863,0.4445575605,
1544592053.69644,3.3717615321,0.6207596383,0,0,0,0.9209878037,0.3895914082,
1544592054.25492,3.1659216448,0.8173826648,0,0,0,0.9332581573,0.3592063639,
1544592054.80789,2.9628306593,0.9942248161,0,0,0,0.943820499,0.3304585686,
1544592055.36078,2.7505559951,1.1682429106,0,0,0,0.9476568783,0.3192905276,
1544592055.91956,2.523950765,1.3438133176,0,0,0,0.9476767678,0.3192314893,
1544592056.47234,2.3047273584,1.5091011862,0,0,0,0.9445211237,0.3284506766,
1544592057.02515,2.1017463014,1.6917817867,0,0,0,0.9354756728,0.3533910945,
1544592057.58396,1.9070773096,1.8769489349,0,0,0,0.9284902192,0.3713568537,
1544592058.13664,1.712415528,2.0773364804,0,0,0,0.9237114185,0.3830890437,
1544592058.6894,1.5220125316,2.2853326147,0,0,0,0.9128753294,0.4082384511,
1544592059.24199,1.3525296387,2.4982019513,0,0,0,0.8999034142,0.4360892628,
1544592059.80089,1.1960008908,2.7265372062,0,0,0,0.885373597,0.4648801929,
1544592060.43358,1.0268583333,3.0018640775,0,0,0,0.8680405251,0.4964933502,
1544592061.06622,0.8833102802,3.2771600497,0,0,0,0.8533057549,0.5214108635,
1544592061.69915,0.7513952616,3.5618097623,0,0,0,0.8470496679,0.531513744,
1544592062.73101,0.6142917603,3.843242346,0,0,0,0.8417935192,0.5397996583,
1544592064.86845,0.5296196168,4.0281456007,0,0,0,0.8911084935,0.4537903181,
1544592065.89981,0.3564345058,4.2328517893,0,0,0,0.9148662584,0.4037570176,
1544592066.45264,0.1586339985,4.4350100146,0,0,0,0.9264395747,0.3764435076,
1544592067.00532,-0.0484943769,4.6262284838,0,0,0,0.9319395977,0.3626135495,
1544592067.56406,-0.2580902013,4.8089578711,0,0,0,0.9345167186,0.3559192362,
1544592068.11692,-0.4722032077,4.9944046569,0,0,0,0.9360395257,0.3518948797,
1544592068.6696,-0.6882934674,5.1842196353,0,0,0,0.9335062806,0.3585610465,
1544592069.22859,-0.8978207296,5.3690274823,0,0,0,0.9287538163,0.3706971117,
1544592069.78126,-1.0991922585,5.566453476,0,0,0,0.9236895221,0.3831418364,
1544592070.33397,-1.2891276608,5.7585415766,0,0,0,0.9124489906,0.4091904685,
1544592070.89303,-1.4871395892,5.9591659918,0,0,0,0.9085498079,0.417776551,
1544592071.44565,-1.6640084403,6.1695681946,0,0,0,0.900399529,0.4350640047,
1544592071.99873,-1.8328742523,6.3821319877,0,0,0,0.8983034486,0.4393755958,
1544592072.55122,-2.0043183163,6.5975342037,0,0,0,0.8968986547,0.4422361395,
1544592073.10396,-2.1858550461,6.8154722726,0,0,0,0.8979487809,0.4400999738,
1544592073.66305,-2.3614061486,7.0411633318,0,0,0,0.8975809551,0.4408496672,
1544592074.21557,-2.54458348,7.2572355629,0,0,0,0.8968289911,0.4423773962,
1544592074.76833,-2.7182092643,7.4683300301,0,0,0,0.8961839013,0.4436827864,
1544592075.56083,-2.8890859968,7.6909904553,0,0,0,0.8936497635,0.4487650836,
1544592076.75206,-3.0678994193,7.9256671575,0,0,0,0.8874255517,0.4609510713,
1544592080.38927,-3.1069735374,7.9657010418,0,0,0,0.9306990705,0.3657857844,
1544592080.947,-3.3227040655,8.1208914693,0,0,0,0.9581875542,0.2861408937,
1544592081.49971,-3.5653906632,8.2558689993,0,0,0,0.9719080994,0.2353606727,
1544592082.0525,-3.8172784648,8.3758945122,0,0,0,0.9742959149,0.2252719918,
1544592082.6052,-4.0578954066,8.4931883251,0,0,0,0.973232015,0.2298248138,
1544592083.16396,-4.3214184321,8.6178923474,0,0,0,0.9719533035,0.2351739267,
1544592083.71679,-4.5615639771,8.7388413257,0,0,0,0.9702939213,0.2419291349,
1544592084.26959,-4.8170341561,8.8520795983,0,0,0,0.9799679029,0.1991554902,
1544592085.30119,-5.0708313226,8.9387113006,0,0,0,0.9897773114,0.1426214356,
1544592086.32711,-5.335584419,9.004964983,0,0,0,0.9916820321,0.1287118764,
1544592087.6786,-5.6095461258,9.0670551703,0,0,0,0.9963020999,0.0859192982,
1544592088.23716,-5.8765443642,9.1354979401,0,0,0,0.9843528874,0.1762083799,
1544592088.78993,-6.1187821109,9.2512876186,0,0,0,0.9599938642,0.2800210361,
1544592089.34252,-6.3439911852,9.4043657905,0,0,0,0.9448037291,0.3276368622,
1544592089.89552,-6.5518121828,9.5750441421,0,0,0,0.94063192,0.3394283298,
1544592090.44806,-6.7686159921,9.7459287427,0,0,0,0.9411121257,0.3380946123,
1544592091.00092,-6.9887406623,9.9142951572,0,0,0,0.9485560359,0.3166092968,
1544592091.55377,-7.2247067396,10.0687262317,0,0,0,0.959584591,0.2814203487,
1544592092.11256,-7.4616958535,10.200201256,0,0,0,0.9678145228,0.2516645572,
1544592093.13819,-7.6814370568,10.3190396998,0,0,0,0.9695056096,0.2450691189,
1544592100.50214,-7.8897616634,10.429616991,0,0,0,0.9914376107,0.1305812549,
1544592100.89532,-7.8893189581,10.4213998657,0,0,0,0.999958222,0.009140803,
1544592101.20821,-7.8917872239,10.4072730084,0,0,0,-0.9952283043,0.0975736762,
1544592101.52766,-7.8941727426,10.3961286522,0,0,0,-0.9792688779,0.2025647177,
1544592101.92072,-7.8945720288,10.3852959824,0,0,0,-0.9460517737,0.3240154956,
1544592102.24006,-7.9031781751,10.3735177054,0,0,0,-0.9056011653,0.4241303212,
1544592102.71316,-7.9520464496,10.2821970263,0,0,0,-0.848972982,0.5284362552,
1544592103.11242,-8.0174998481,10.1122725097,0,0,0,-0.7887680934,0.6146908937,
1544592103.58514,-8.032260866,9.922815898,0,0,0,-0.7099632034,0.7042387733,
1544592104.05811,-8.0052367063,9.7330775326,0,0,0,-0.6244394605,0.7810732105,
1544592104.53717,-7.9281320883,9.5246877745,0,0,0,-0.5419892763,0.8403854023,
1544592105.24976,-7.7458400582,9.2318951844,0,0,0,-0.4502494311,0.8929028221,
1544592105.88222,-7.5466576461,8.984273228,0,0,0,-0.4271414792,0.9041848023,
1544592106.5148,-7.3524276779,8.7319730573,0,0,0,-0.4266055382,0.9044377894,
1544592107.15342,-7.1588735097,8.4799022225,0,0,0,-0.4422585183,0.8968876201,
1544592107.7862,-6.9837865106,8.2230669498,0,0,0,-0.4654984466,0.8850486971,
1544592108.41879,-6.8195707945,7.945823159,0,0,0,-0.4946020323,0.8691195715,
1544592109.05173,-6.678158395,7.6514880801,0,0,0,-0.544233632,0.8389337005,
1544592109.84367,-6.5561908271,7.4441069591,0,0,0,-0.4333540104,0.90122378,
1544592110.55617,-6.3498947002,7.2244181321,0,0,0,-0.3951114978,0.9186331718,
1544592111.50801,-6.1978948383,7.0201715552,0,0,0,-0.5008875263,0.8655123835,
1544592112.2204,-6.1969565081,7.009908601,0,0,0,-0.5884223188,0.808553755,
1544592113.01274,-6.1091311033,6.6656822184,0,0,0,-0.597651158,0.8017562555,
1544592114.20421,-5.9850653438,6.3232813278,0,0,0,-0.5849478882,0.8110708773,
1544592115.54932,-5.8510982637,5.9804460771,0,0,0,-0.5399806177,0.8416774516,
1544592116.34124,-5.6850883054,5.68353982,0,0,0,-0.4671537659,0.8841760905,
1544592116.97399,-5.482509605,5.427471526,0,0,0,-0.4140395242,0.910258904,
1544592117.52686,-5.2941995306,5.2213273504,0,0,0,-0.392170777,0.9198924294,
1544592118.07961,-5.1080891292,5.0177683716,0,0,0,-0.4131698747,0.9106539708,
1544592118.63836,-4.9289019885,4.8053471806,0,0,0,-0.4216650301,0.9067516762,
1544592125.91651,-4.7654954204,4.5624918244,0,0,0,-0.529682845,0.8481957815,
1544592126.54899,-4.7128590162,4.4142538133,0,0,0,-0.6141090485,0.7892211835,
1544592129.95758,-4.6817662983,4.19414582,0,0,0,-0.7018668226,0.7123081941,
1544592130.27093,-4.6833857419,4.1831001688,0,0,0,-0.77250995,0.6350026591,
1544592130.67026,-4.7049820074,4.1405556138,0,0,0,-0.838132722,0.5454663512,
1544592131.06313,-4.7958937123,4.0043276729,0,0,0,-0.890269086,0.4554349069,
1544592131.46251,-4.9180671892,3.8825851379,0,0,0,-0.9339991461,0.3572752371,
1544592131.93518,-5.0911856232,3.7748630674,0,0,0,-0.9695688427,0.2448188293,
1544592132.56775,-5.3832401564,3.6566250505,0,0,0,-0.9902329158,0.1394229983,
1544592133.28036,-5.7212365807,3.5928629328,0,0,0,-0.9962193746,0.0868732278,
1544592133.91378,-6.0281741435,3.5449582129,0,0,0,-0.9967896757,0.0800646135,
1544592134.54538,-6.3417690604,3.497274651,0,0,0,-0.9969479984,0.0780684856,
1544592135.25783,-6.6565892199,3.4440563689,0,0,0,-0.9965096267,0.0834779249,
1544592136.5231,-6.9586396014,3.3866478313,0,0,0,-0.9947945226,0.1019012158,
1544592137.38947,-7.0043714212,3.3736549193,0,0,0,-0.9763616155,0.2161434609,
1544592137.70878,-7.0009198767,3.3693864332,0,0,0,-0.9482106609,0.3176421611,
1544592138.1814,-6.9951375615,3.3641970167,0,0,0,-0.9110318526,0.4123359837,
1544592143.6476,-7.026411153,3.3051848075,0,0,0,-0.8561342832,0.5167534122,
1544592144.0405,-7.0874873449,3.1451478519,0,0,0,-0.7961193672,0.6051396146,
1544592144.43963,-7.1040950253,2.9713615743,0,0,0,-0.7284777694,0.6850694413,
1544592144.91267,-7.0869596859,2.7713544857,0,0,0,-0.6427367791,0.7660870922,
1544592145.31172,-7.0418870865,2.6173110736,0,0,0,-0.5610426767,0.8277868777,
1544592145.78467,-6.9535575479,2.4501465006,0,0,0,-0.4580675139,0.8889174049,
1544592146.33776,-6.7797027777,2.258043,0,0,0,-0.3606121482,0.9327158616,
1544592146.73667,-6.6771448933,2.1872379749,0,0,0,-0.2535254862,0.9673287072,
1544592147.44911,-6.4252913899,2.087441344,0,0,0,-0.1811752041,0.9834508353,
1544592148.95999,-6.255696391,2.0136906809,0,0,0,-0.2841984761,0.9587654698,
1544592149.51273,-6.0374027669,1.8481495699,0,0,0,-0.3401714547,0.9403634305,
1544592150.14539,-5.8235909508,1.6306030401,0,0,0,-0.3963737114,0.9180892554,
1544592150.77801,-5.6139455318,1.3969155526,0,0,0,-0.4068453093,0.9134970686,
1544592151.49082,-5.4224720153,1.179934777,0,0,0,-0.4160543935,0.9093397284,
1544592154.10047,-5.2382102574,0.9586214093,0,0,0,-0.4382974185,0.8988300022,
1544592154.81299,-5.1553660391,0.8672058114,0,0,0,-0.3431524236,0.9392797316,
1544592156.07832,-5.1595805884,0.8671484871,0,0,0,-0.4386682401,0.8986490834,
1544592159.00786,-5.1605879546,0.8705927503,0,0,0,-0.5309938498,0.8473756732,
1544592161.22037,-5.1663339249,0.8731326157,0,0,0,-0.4416911353,0.8971671756,
1544592162.89044,-5.1775260891,0.8676496604,0,0,0,-0.5360418543,0.8441914063,
1544592164.94068,-5.180998941,0.871011161,0,0,0,-0.4465930057,0.8947372169,
1544592167.07822,-5.178043692,0.8676502214,0,0,0,-0.540242719,0.8415092421,
1544592168.26357,-5.167667455,0.8748332505,0,0,0,-0.4517790246,0.8921298745,
1544592169.84785,-5.1648215499,0.8789967706,0,0,0,-0.5422278667,0.8402314804,
1544592171.74564,-5.1679084467,0.8769758015,0,0,0,-0.4520371597,0.8919991067,
1544592173.57107,-5.1632947693,0.8772054517,0,0,0,-0.5448884028,0.8385085739,
1544592175.30795,-5.1613437316,0.8843502287,0,0,0,-0.45131999,0.8923621835,
1544592177.21182,-5.1608863067,0.8894328115,0,0,0,-0.5478453189,0.8365796475,
1544592178.79047,-5.1529874392,0.8936057186,0,0,0,-0.4595557238,0.8881489384,
1544592180.06184,-5.1561337189,0.8954205692,0,0,0,-0.5498723121,0.8352487296,
1544592182.12061,-5.1576856801,0.8946801175,0,0,0,-0.4565980095,0.8896731185,
1544592183.1507,-5.1496611386,0.9006105979,0,0,0,-0.5474612435,0.8368310384,
1544592186.63309,-5.1512271333,0.9014464778,0,0,0,-0.6326224159,0.7744603792,
1544592187.89839,-5.1578538181,0.9006150259,0,0,0,-0.5464433566,0.8374960645,
1544592188.85033,-5.1563451581,0.8966575656,0,0,0,-0.4519170731,0.8920599526,
1544592190.43476,-5.1564594628,0.8961772429,0,0,0,-0.5461797979,0.8376679703,
1544592192.09321,-5.1531301214,0.8972603137,0,0,0,-0.4580485344,0.8889271849,
1544592193.99693,-5.1498298413,0.8981558912,0,0,0,-0.5491738891,0.8357081066,
1544592195.7351,-5.1482547574,0.9053499524,0,0,0,-0.4610608597,0.8873685163,
1544592196.92046,-5.1214043961,0.8700704244,0,0,0,-0.5482783111,0.8362959366,
1544592197.32117,-5.1062867936,0.8354971606,0,0,0,-0.6423992835,0.7663701198,
1544592197.71884,-5.1039245394,0.8253110485,0,0,0,-0.7300846814,0.6833566843,
1544592198.50532,-5.1646317975,0.5495398838,0,0,0,-0.7892754808,0.6140392621,
1544592199.21737,-5.2459471488,0.2855834916,0,0,0,-0.7985368748,0.6019458942,
1544592199.84991,-5.3256229093,0.0479487106,0,0,0,-0.8004171451,0.5994434033,
1544592200.48285,-5.3887323406,-0.1975325287,0,0,0,-0.7846375847,0.6199547247,
1544592201.19508,-5.4294236656,-0.4646514508,0,0,0,-0.713114017,0.7010480716,
1544592201.66794,-5.4030325723,-0.6154541297,0,0,0,-0.6378683521,0.7701454183,
1544592202.06714,-5.37498414,-0.7193816929,0,0,0,-0.5559862994,0.831191455,
1544592203.33233,-5.2973974401,-0.8626213142,0,0,0,-0.4519246904,0.8920560936,
1544592203.80545,-5.1504558069,-0.99629038,0,0,0,-0.343907365,0.9390035805,
1544592204.27828,-4.969597155,-1.0929690091,0,0,0,-0.2302661974,0.9731276783,
1544592204.75721,-4.7727755498,-1.1509332876,0,0,0,-0.1109630662,0.9938245308,
1544592205.23011,-4.5561105274,-1.1550566947,0,0,0,0.0071150194,0.9999746879,
1544592205.70316,-4.3534721194,-1.1128738872,0,0,0,0.1241361027,0.9922652004,
1544592206.18232,-4.1503656228,-1.0246445478,0,0,0,0.2433874305,0.9699291514,
1544592206.6554,-3.9719993298,-0.9027526343,0,0,0,0.3515206472,0.9361801293,
1544592207.28772,-3.7729511686,-0.6714864375,0,0,0,0.4485344156,0.893765561,
1544592207.84655,-3.615251922,-0.4427936846,0,0,0,0.464658298,0.8854900712,
1544592208.39926,-3.4423095544,-0.2091451299,0,0,0,0.4508599514,0.8925947032,
1544592209.11183,-3.2640297154,0.0153530558,0,0,0,0.4412683125,0.8973752149,
1544592210.297,-3.0829066229,0.2386656937,0,0,0,0.4287110924,0.9034416413,
1544592210.6965,-3.0670958553,0.2447222551,0,0,0,0.3239546903,0.9460725969,
1544592211.08939,-3.0652661434,0.2426651315,0,0,0,0.2207052241,0.975340558,
1544592211.96144,-3.0579914698,0.2408110681,0,0,0,0.1156523033,0.9932897587,
1544592219.2394,-2.7709218722,0.2897093495,0,0,0,0.0584345946,0.9982912391,
1544592219.79986,-2.4934919689,0.3115038377,0,0,0,0.0118099565,0.99993026,
1544592220.35125,-2.2123332153,0.3076256592,0,0,0,-0.0103690978,0.9999462395,
1544592220.90394,-1.9305130346,0.3053458205,0,0,0,-0.0178646061,0.9998404152,
1544592221.45657,-1.6546922556,0.3029359472,0,0,0,-0.0096732545,0.999953213,
1544592222.00952,-1.3646425552,0.3132641585,0,0,0,0.0232136672,0.9997305265,
1544592222.56201,-1.0959901275,0.3377010961,0,0,0,0.0582431946,0.9983024243,
1544592223.12107,-0.8165676059,0.3824503173,0,0,0,0.0891777375,0.9960157284,
1544592223.75391,-0.5141815657,0.4573971002,0,0,0,0.13440506,0.9909264755,
1544592224.38614,-0.2101559808,0.5554663796,0,0,0,0.1684420061,0.9857115656,
1544592225.01891,0.0931170125,0.6728602831,0,0,0,0.1824741655,0.9832106483,
1544592226.20413,0.3875840343,0.7918570714,0,0,0,0.2093662536,0.9778372931,
1544592227.47546,0.5188784839,0.8564841426,0,0,0,0.1094058753,0.9939971602,
1544592228.10804,0.523383209,0.852419368,0,0,0,0.0073618804,0.999972901,
1544592231.90965,0.6149812331,0.8320195945,0,0,0,-0.1099266365,0.9939397037,
1544592232.30285,0.7741608295,0.7711005231,0,0,0,-0.2142791618,0.9767724611,
1544592232.77571,0.9323583542,0.6577374612,0,0,0,-0.3276540601,0.9447977651,
1544592233.33651,1.1234807905,0.4577780052,0,0,0,-0.4300636648,0.9027985624,
1544592234.04708,1.3257827707,0.1590442663,0,0,0,-0.4778293467,0.8784526825,
1544592234.75344,1.5269070608,-0.1388178296,0,0,0,-0.4487617425,0.8936514413,
1544592235.38596,1.7384654796,-0.3748564848,0,0,0,-0.367557472,0.930000809,
1544592236.01846,1.9904846771,-0.5763866363,0,0,0,-0.2983136988,0.9544678816,
1544592236.57736,2.2257286089,-0.7175327987,0,0,0,-0.2357446814,0.9718150262,
1544592237.13011,2.4794947043,-0.8116860159,0,0,0,-0.1450727776,0.9894209868,
1544592237.68301,2.756114112,-0.85717551,0,0,0,-0.0623387888,0.9980550463,
1544592238.23569,3.0409103389,-0.8716004977,0,0,0,-0.0107787261,0.9999419078,
1544592239.10799,3.3012224587,-0.8706124745,0,0,0,0.0297668768,0.9995568683,
1544592240.21318,3.5709261292,-0.8244577237,0,0,0,0.1104030565,0.9938868976,
1544592240.69235,3.5836518443,-0.8211413198,0,0,0,-0.0070123612,0.9999754131,
1544592241.3249,3.5854000349,-0.8213229459,0,0,0,-0.1149534873,0.9933708752,
1544592247.89047,3.5885592358,-0.8169700961,0,0,0,-0.0038405815,0.9999926249,
1544592248.28379,3.5846903493,-0.809219294,0,0,0,0.12025401,0.9927431556,
1544592248.67651,3.5845821054,-0.7969107782,0,0,0,0.2436978889,0.9698511942,
1544592248.99725,3.5815541887,-0.7931412786,0,0,0,0.347558064,0.9376584624,
1544592249.3891,3.6097777015,-0.74557576,0,0,0,0.446095709,0.8949852615,
1544592249.86808,3.7077741439,-0.5726245712,0,0,0,0.5537599497,0.8326763586,
1544592250.34111,3.7522144504,-0.3703375092,0,0,0,0.651859951,0.7583393728,
1544592250.8156,3.7523735517,-0.1592147796,0,0,0,0.7376826421,0.675147628,
1544592251.293,3.7019843811,0.0501648042,0,0,0,0.8091146732,0.5876507854,
1544592251.84582,3.5880076685,0.3021941909,0,0,0,0.8657348134,0.5005029799,
1544592252.55811,3.3668204111,0.6077278119,0,0,0,0.9140126286,0.4056857341,
1544592253.19071,3.1235484036,0.8600899919,0,0,0,0.9361265074,0.3516634217,
1544592253.8294,2.8627082775,1.0786958877,0,0,0,0.9486698463,0.3162681184,
1544592254.46204,2.6021109879,1.2742694117,0,0,0,0.9502645878,0.3114437561,
1544592255.0946,2.3412054581,1.471758985,0,0,0,0.9478837145,0.3186164839,
1544592255.7271,2.0853120001,1.677293751,0,0,0,0.9410384422,0.3382996456,
1544592256.35977,1.8498847045,1.8875068056,0,0,0,0.9276691369,0.3734032304,
1544592256.9923,1.632191744,2.1238464054,0,0,0,0.9161318159,0.4008771581,
1544592257.70493,1.4006210116,2.3918808555,0,0,0,0.905219472,0.4249443582,
1544592258.41719,1.1863861038,2.6800766815,0,0,0,0.8871480122,0.4614849991,
1544592259.12975,0.9949634316,2.9830335366,0,0,0,0.867598935,0.4972646056,
1544592259.84208,0.832966436,3.3054222013,0,0,0,0.8453586558,0.5341991604,
1544592260.71417,0.7068556571,3.5865701905,0,0,0,0.8368233104,0.5474730561,
1544592263.55806,0.5825562448,3.8743704786,0,0,0,0.8335228447,0.5524849929,
1544592276.45529,0.5146479966,4.0334938184,0,0,0,0.8858499072,0.4639719192,
1544592290.45238,0.2947620174,4.3107961477,0,0,0,0.8941469264,0.4477736862,
1544592298.52236,0.0882836367,4.5965643741,0,0,0,0.8904950349,0.4549929592,
1544592304.77471,-0.1162451856,4.8939945441,0,0,0,0.8871097028,0.4615586367,
1544592310.07501,-0.308187835,5.1765552151,0,0,0,0.8854818727,0.4646739212,
1544592314.74279,-0.4878570913,5.4584081197,0,0,0,0.8823734769,0.4705497289,
